"id","name","code","logo","province_id"
"1","BEC Tero Sasana FC","BEC","/images/logos/bec-tero-sasana-fc/logo.png","1"
"2","Bangkok Glass FC","Bangkok","/images/logos/bangkok-glass-fc/logo.png","1"
"3","Bangkok United FC","Bangkok","/images/logos/bangkok-united-fc/logo.png","1"
"4","Buriram United FC","Buriram","/images/logos/buriram-united-fc/logo.png","2"
"5","Chiangrai United FC","Chiangrai","/images/logos/chiangrai-united-fc/logo.png","3"
"6","Chonburi FC","Chonburi","/images/logos/chonburi-fc/logo.png","4"
"7","Khon Kaen United FC","Khon","/images/logos/khon-kaen-united-fc/logo.png","5"
"8","Lampang FC","Lampang","/images/logos/lampang-fc/logo.png","6"
"9","Lamphun Warrior FC","Lamphun","/images/logos/lamphun-warrior-fc/logo.png","7"
"10","Muang Thong United","Muang","/images/logos/muang-thong-united/logo.png","10"
"11","Nakhon Ratchasima FC","Nakhon","/images/logos/nakhon-ratchasima-fc/logo.png","8"
"12","Nong Bua Pitchaya FC","Nong","/images/logos/nong-bua-pitchaya-fc/logo.png","9"
"13","Port FC","Port","/images/logos/port-fc/logo.png","1"
"14","Prachuap FC","Prachuap","/images/logos/prachuap-fc/logo.png","11"
"15","Ratchaburi Mitr Phol FC","Ratchaburi","/images/logos/ratchaburi-mitr-phol-fc/logo.png","12"
"16","Sukhothai FC","Sukhothai","/images/logos/sukhothai-fc/logo.png","13"
